year,region,crop,cultivation_type,yield_kg_10a,production_ton
2015,강원도,딸기,노지,0,0
2015,강원도,딸기,시설,1985,476
2015,강원도,수박,노지,2498,25
2015,강원도,수박,시설,4870,9156
2015,강원도,오이,노지,3817,10840
2015,강원도,오이,시설,6082,22017
2015,강원도,참외,노지,2148,21
2015,강원도,참외,시설,0,0
2015,강원도,호박,노지,2467,28025
2015,강원도,호박,시설,2487,1617
2015,경기도,딸기,노지,2177,22
2015,경기도,딸기,시설,2428,3472
2015,경기도,수박,노지,3024,665
2015,경기도,수박,시설,3970,7345
2015,경기도,오이,노지,2930,3633
2015,경기도,오이,시설,5921,41033
2015,경기도,참외,노지,2421,775
2015,경기도,참외,시설,2482,1564
2015,경기도,호박,노지,2533,18491
2015,경기도,호박,시설,4462,18651
2015,경상남도,딸기,노지,0,0
2015,경상남도,딸기,시설,2972,67762
2015,경상남도,수박,노지,3879,659
2015,경상남도,수박,시설,3635,108905
2015,경상남도,오이,노지,3190,415
2015,경상남도,오이,시설,8383,17101
2015,경상남도,참외,노지,2282,23
2015,경상남도,참외,시설,1495,1824
2015,경상남도,호박,노지,2297,5834
2015,경상남도,호박,시설,6765,46949
2015,경상북도,딸기,노지,2248,337
2015,경상북도,딸기,시설,3051,14980
2015,경상북도,수박,노지,3189,35111
2015,경상북도,수박,시설,4905,43949
2015,경상북도,오이,노지,3658,3768
2015,경상북도,오이,시설,7712,32005
2015,경상북도,참외,노지,2499,325
2015,경상북도,참외,시설,3035,140794
2015,경상북도,호박,노지,2397,34517
2015,경상북도,호박,시설,4328,18178
2015,전라남도,딸기,노지,2785,28
2015,전라남도,딸기,시설,2890,18438
2015,전라남도,수박,노지,3450,7659
2015,전라남도,수박,시설,3685,18794
2015,전라남도,오이,노지,4280,86
2015,전라남도,오이,시설,8990,14834
2015,전라남도,참외,노지,1547,139
2015,전라남도,참외,시설,2250,225
2015,전라남도,호박,노지,3790,68675
2015,전라남도,호박,시설,5830,24136
2015,전라북도,딸기,노지,0,0
2015,전라북도,딸기,시설,3853,22579
2015,전라북도,수박,노지,3426,27614
2015,전라북도,수박,시설,4037,63946
2015,전라북도,오이,노지,4955,1784
2015,전라북도,오이,시설,7656,16690
2015,전라북도,참외,노지,1547,449
2015,전라북도,참외,시설,1647,412
2015,전라북도,호박,노지,3323,10899
2015,전라북도,호박,시설,5382,17115
2015,충청남도,딸기,노지,2452,123
2015,충청남도,딸기,시설,3069,58158
2015,충청남도,수박,노지,3775,1284
2015,충청남도,수박,시설,4679,226885
2015,충청남도,오이,노지,5162,3768
2015,충청남도,오이,시설,8202,64222
2015,충청남도,참외,노지,1547,62
2015,충청남도,참외,시설,2723,218
2015,충청남도,호박,노지,2802,6921
2015,충청남도,호박,시설,3364,12783
2015,충청북도,딸기,노지,3184,255
2015,충청북도,딸기,시설,3100,2480
2015,충청북도,수박,노지,3403,6159
2015,충청북도,수박,시설,4911,62026
2015,충청북도,오이,노지,4110,6042
2015,충청북도,오이,시설,8989,17618
2015,충청북도,참외,노지,1547,31
2015,충청북도,참외,시설,2723,3295
2015,충청북도,호박,노지,2051,11588
2015,충청북도,호박,시설,3274,19480
2016,강원도,딸기,노지,1853,19
2016,강원도,딸기,시설,2125,999
2016,강원도,수박,노지,2893,492
2016,강원도,수박,시설,5429,8361
2016,강원도,오이,노지,4643,17040
2016,강원도,오이,시설,5172,21464
2016,강원도,참외,노지,1408,42
2016,강원도,참외,시설,2471,840
2016,강원도,호박,노지,2592,22084
2016,강원도,호박,시설,3234,2134
2016,경기도,딸기,노지,0,0
2016,경기도,딸기,시설,2757,4356
2016,경기도,수박,노지,2685,322
2016,경기도,수박,시설,5007,4657
2016,경기도,오이,노지,2491,3811
2016,경기도,오이,시설,6641,45292
2016,경기도,참외,노지,2364,544
2016,경기도,참외,시설,2466,1011
2016,경기도,호박,노지,3180,16568
2016,경기도,호박,시설,4636,14789
2016,경상남도,딸기,노지,3376,371
2016,경상남도,딸기,시설,3905,84739
2016,경상남도,수박,노지,3547,1951
2016,경상남도,수박,시설,4057,114448
2016,경상남도,오이,노지,3358,470
2016,경상남도,오이,시설,8643,12705
2016,경상남도,참외,노지,2227,89
2016,경상남도,참외,시설,1594,1451
2016,경상남도,호박,노지,2328,10383
2016,경상남도,호박,시설,7101,44594
2016,경상북도,딸기,노지,3376,304
2016,경상북도,딸기,시설,3036,10292
2016,경상북도,수박,노지,3240,29322
2016,경상북도,수박,시설,5189,29162
2016,경상북도,오이,노지,4511,2707
2016,경상북도,오이,시설,8588,61919
2016,경상북도,참외,노지,2227,534
2016,경상북도,참외,시설,3200,139968
2016,경상북도,호박,노지,2155,29890
2016,경상북도,호박,시설,3822,14868
2016,전라남도,딸기,노지,2867,659
2016,전라남도,딸기,시설,2886,24935
2016,전라남도,수박,노지,4012,5858
2016,전라남도,수박,시설,5277,23272
2016,전라남도,오이,노지,4907,49
2016,전라남도,오이,시설,8417,20369
2016,전라남도,참외,노지,1412,833
2016,전라남도,참외,시설,0,0
2016,전라남도,호박,노지,2843,46568
2016,전라남도,호박,시설,6643,22719
2016,전라북도,딸기,노지,2867,115
2016,전라북도,딸기,시설,2919,22301
2016,전라북도,수박,노지,5043,32578
2016,전라북도,수박,시설,4120,48616
2016,전라북도,오이,노지,5243,1940
2016,전라북도,오이,시설,7627,24254
2016,전라북도,참외,노지,1412,198
2016,전라북도,참외,시설,1732,52
2016,전라북도,호박,노지,2754,4709
2016,전라북도,호박,시설,3341,5245
2016,충청남도,딸기,노지,0,0
2016,충청남도,딸기,시설,2682,33498
2016,충청남도,수박,노지,2953,1624
2016,충청남도,수박,시설,4053,149434
2016,충청남도,오이,노지,5313,2444
2016,충청남도,오이,시설,8270,71784
2016,충청남도,참외,노지,1412,184
2016,충청남도,참외,시설,2650,1034
2016,충청남도,호박,노지,2537,6825
2016,충청남도,호박,시설,3984,13147
2016,충청북도,딸기,노지,2706,27
2016,충청북도,딸기,시설,2970,3059
2016,충청북도,수박,노지,3664,7365
2016,충청북도,수박,시설,4790,95417
2016,충청북도,오이,노지,2284,3906
2016,충청북도,오이,시설,10139,29403
2016,충청북도,참외,노지,1412,297
2016,충청북도,참외,시설,2650,53
2016,충청북도,호박,노지,1381,6366
2016,충청북도,호박,시설,4438,23300
2017,강원도,딸기,노지,1918,62
2017,강원도,딸기,시설,2011,1398
2017,강원도,수박,노지,2742,690
2017,강원도,수박,시설,5388,11238
2017,강원도,오이,노지,4253,19214
2017,강원도,오이,시설,5759,26704
2017,강원도,참외,노지,1384,123
2017,강원도,참외,시설,2471,429
2017,강원도,호박,노지,2652,29234
2017,강원도,호박,시설,3374,3389
2017,경기도,딸기,노지,2119,71
2017,경기도,딸기,시설,2542,3977
2017,경기도,수박,노지,2434,702
2017,경기도,수박,시설,5063,3422
2017,경기도,오이,노지,3062,4821
2017,경기도,오이,시설,6357,37187
2017,경기도,참외,노지,2355,789
2017,경기도,참외,시설,2515,763
2017,경기도,호박,노지,3033,20425
2017,경기도,호박,시설,4476,14636
2017,경상남도,딸기,노지,2980,23
2017,경상남도,딸기,시설,4786,104995
2017,경상남도,수박,노지,2924,394
2017,경상남도,수박,시설,3775,106702
2017,경상남도,오이,노지,3224,634
2017,경상남도,오이,시설,10673,11573
2017,경상남도,참외,노지,2286,72
2017,경상남도,참외,시설,1471,1279
2017,경상남도,호박,노지,2239,9692
2017,경상남도,호박,시설,7557,65614
2017,경상북도,딸기,노지,2980,86
2017,경상북도,딸기,시설,3176,11978
2017,경상북도,수박,노지,3446,38971
2017,경상북도,수박,시설,4658,29006
2017,경상북도,오이,노지,3905,3979
2017,경상북도,오이,시설,11533,88729
2017,경상북도,참외,노지,2286,66
2017,경상북도,참외,시설,4980,155556
2017,경상북도,호박,노지,2136,32103
2017,경상북도,호박,시설,3735,8945
2017,전라남도,딸기,노지,2867,778
2017,전라남도,딸기,시설,2947,23551
2017,전라남도,수박,노지,3337,8836
2017,전라남도,수박,시설,4377,17147
2017,전라남도,오이,노지,5656,876
2017,전라남도,오이,시설,9580,17995
2017,전라남도,참외,노지,1650,228
2017,전라남도,참외,시설,2181,323
2017,전라남도,호박,노지,3284,37523
2017,전라남도,호박,시설,6184,19856
2017,전라북도,딸기,노지,2462,697
2017,전라북도,딸기,시설,2780,18892
2017,전라북도,수박,노지,4013,26924
2017,전라북도,수박,시설,3733,43919
2017,전라북도,오이,노지,5961,3500
2017,전라북도,오이,시설,7957,15270
2017,전라북도,참외,노지,1650,73
2017,전라북도,참외,시설,1681,93
2017,전라북도,호박,노지,3663,7620
2017,전라북도,호박,시설,4561,8007
2017,충청남도,딸기,노지,2185,16
2017,충청남도,딸기,시설,2736,32072
2017,충청남도,수박,노지,2052,1016
2017,충청남도,수박,시설,4267,88126
2017,충청남도,오이,노지,4633,3468
2017,충청남도,오이,시설,5342,53118
2017,충청남도,참외,노지,1286,302
2017,충청남도,참외,시설,2798,225
2017,충청남도,호박,노지,2556,6218
2017,충청남도,호박,시설,3211,12488
2017,충청북도,딸기,노지,2883,25
2017,충청북도,딸기,시설,2225,2644
2017,충청북도,수박,노지,3393,9672
2017,충청북도,수박,시설,4505,94870
2017,충청북도,오이,노지,3584,7733
2017,충청북도,오이,시설,11193,34389
2017,충청북도,참외,노지,1286,24
2017,충청북도,참외,시설,2798,26
2017,충청북도,호박,노지,1404,5309
2017,충청북도,호박,시설,3971,15789
2018,강원도,딸기,노지,1678,51
2018,강원도,딸기,시설,2003,838
2018,강원도,수박,노지,2445,659
2018,강원도,수박,시설,5005,9428
2018,강원도,오이,노지,3849,14823
2018,강원도,오이,시설,5117,19792
2018,강원도,참외,노지,1990,72
2018,강원도,참외,시설,2290,357
2018,강원도,호박,노지,2607,24019
2018,강원도,호박,시설,2341,2772
2018,경기도,딸기,노지,2100,75
2018,경기도,딸기,시설,2456,3280
2018,경기도,수박,노지,4050,1101
2018,경기도,수박,시설,2951,2410
2018,경기도,오이,노지,3866,5435
2018,경기도,오이,시설,5470,38087
2018,경기도,참외,노지,1966,859
2018,경기도,참외,시설,2474,975
2018,경기도,호박,노지,3156,27070
2018,경기도,호박,시설,1867,7535
2018,경상남도,딸기,노지,3240,183
2018,경상남도,딸기,시설,3187,82217
2018,경상남도,수박,노지,2670,489
2018,경상남도,수박,시설,3251,79373
2018,경상남도,오이,노지,3237,268
2018,경상남도,오이,시설,8582,15880
2018,경상남도,참외,노지,915,56
2018,경상남도,참외,시설,1764,525
2018,경상남도,호박,노지,2471,8964
2018,경상남도,호박,시설,5872,37990
2018,경상북도,딸기,노지,2349,159
2018,경상북도,딸기,시설,3043,9669
2018,경상북도,수박,노지,3366,33259
2018,경상북도,수박,시설,4375,20390
2018,경상북도,오이,노지,4141,4170
2018,경상북도,오이,시설,13564,76299
2018,경상북도,참외,노지,2228,56
2018,경상북도,참외,시설,3703,117646
2018,경상북도,호박,노지,2476,36596
2018,경상북도,호박,시설,4150,10236
2018,전라남도,딸기,노지,3247,376
2018,전라남도,딸기,시설,3172,25985
2018,전라남도,수박,노지,1962,3853
2018,전라남도,수박,시설,4130,17521
2018,전라남도,오이,노지,8161,645
2018,전라남도,오이,시설,8535,27103
2018,전라남도,참외,노지,2808,571
2018,전라남도,참외,시설,5028,157
2018,전라남도,호박,노지,2946,39251
2018,전라남도,호박,시설,6521,20905
2018,전라북도,딸기,노지,3247,54
2018,전라북도,딸기,시설,3143,17454
2018,전라북도,수박,노지,3971,20690
2018,전라북도,수박,시설,4209,50232
2018,전라북도,오이,노지,8821,9517
2018,전라북도,오이,시설,8378,18665
2018,전라북도,참외,노지,2808,373
2018,전라북도,참외,시설,2104,143
2018,전라북도,호박,노지,5270,11478
2018,전라북도,호박,시설,5688,12534
2018,충청남도,딸기,노지,3764,16
2018,충청남도,딸기,시설,2761,34716
2018,충청남도,수박,노지,3424,397
2018,충청남도,수박,시설,3992,95191
2018,충청남도,오이,노지,4915,5186
2018,충청남도,오이,시설,8784,107748
2018,충청남도,참외,노지,2808,514
2018,충청남도,참외,시설,2399,176
2018,충청남도,호박,노지,2625,5116
2018,충청남도,호박,시설,2937,6036
2018,충청북도,딸기,노지,0,0
2018,충청북도,딸기,시설,2924,3925
2018,충청북도,수박,노지,3019,7867
2018,충청북도,수박,시설,5661,110464
2018,충청북도,오이,노지,2559,6427
2018,충청북도,오이,시설,7828,24821
2018,충청북도,참외,노지,1200,73
2018,충청북도,참외,시설,2290,240
2018,충청북도,호박,노지,1484,4237
2018,충청북도,호박,시설,5340,35772
2019,강원도,딸기,노지,1847,211
2019,강원도,딸기,시설,2179,1171
2019,강원도,수박,노지,2831,830
2019,강원도,수박,시설,5423,11053
2019,강원도,오이,노지,4352,17096
2019,강원도,오이,시설,4942,20394
2019,강원도,참외,노지,1423,84
2019,강원도,참외,시설,2512,499
2019,강원도,호박,노지,2516,24749
2019,강원도,호박,시설,3379,3600
2019,경기도,딸기,노지,2066,112
2019,경기도,딸기,시설,2675,2905
2019,경기도,수박,노지,4930,3021
2019,경기도,수박,시설,3879,2849
2019,경기도,오이,노지,3015,5142
2019,경기도,오이,시설,6574,54074
2019,경기도,참외,노지,2342,1329
2019,경기도,참외,시설,2485,953
2019,경기도,호박,노지,3511,24675
2019,경기도,호박,시설,4627,16845
2019,경상남도,딸기,노지,3684,66
2019,경상남도,딸기,시설,4544,124688
2019,경상남도,수박,노지,2939,849
2019,경상남도,수박,시설,3747,74230
2019,경상남도,오이,노지,3331,347
2019,경상남도,오이,시설,10073,16140
2019,경상남도,참외,노지,1500,137
2019,경상남도,참외,시설,1422,295
2019,경상남도,호박,노지,2373,9056
2019,경상남도,호박,시설,7123,60389
2019,경상북도,딸기,노지,1411,24
2019,경상북도,딸기,시설,4154,14559
2019,경상북도,수박,노지,2843,30131
2019,경상북도,수박,시설,4101,17844
2019,경상북도,오이,노지,4017,3142
2019,경상북도,오이,시설,11237,61796
2019,경상북도,참외,노지,1207,61
2019,경상북도,참외,시설,4287,136995
2019,경상북도,호박,노지,2401,37439
2019,경상북도,호박,시설,3699,7175
2019,전라남도,딸기,노지,3343,58
2019,전라남도,딸기,시설,2915,22137
2019,전라남도,수박,노지,3798,7719
2019,전라남도,수박,시설,4254,13939
2019,전라남도,오이,노지,6088,263
2019,전라남도,오이,시설,9899,23077
2019,전라남도,참외,노지,1500,214
2019,전라남도,참외,시설,5028,288
2019,전라남도,호박,노지,2595,43572
2019,전라남도,호박,시설,6075,25550
2019,전라북도,딸기,노지,309,3
2019,전라북도,딸기,시설,2747,16771
2019,전라북도,수박,노지,3853,23102
2019,전라북도,수박,시설,4523,62142
2019,전라북도,오이,노지,6761,1616
2019,전라북도,오이,시설,10832,27969
2019,전라북도,참외,노지,1500,144
2019,전라북도,참외,시설,2104,247
2019,전라북도,호박,노지,4771,10657
2019,전라북도,호박,시설,4046,7223
2019,충청남도,딸기,노지,6951,146
2019,충청남도,딸기,시설,2873,42727
2019,충청남도,수박,노지,4975,852
2019,충청남도,수박,시설,4056,107306
2019,충청남도,오이,노지,4676,4221
2019,충청남도,오이,시설,8084,82865
2019,충청남도,참외,노지,3005,441
2019,충청남도,참외,시설,2618,226
2019,충청남도,호박,노지,2461,5274
2019,충청남도,호박,시설,2797,7294
2019,충청북도,딸기,노지,6951,71
2019,충청북도,딸기,시설,2397,3849
2019,충청북도,수박,노지,3167,9174
2019,충청북도,수박,시설,4415,82273
2019,충청북도,오이,노지,3823,6308
2019,충청북도,오이,시설,8857,27627
2019,충청북도,참외,노지,1207,23
2019,충청북도,참외,시설,2618,28
2019,충청북도,호박,노지,1655,4688
2019,충청북도,호박,시설,5403,33467
2020,강원도,딸기,노지,1308,92
2020,강원도,딸기,시설,2069,1470
2020,강원도,수박,노지,2831,947
2020,강원도,수박,시설,5439,9444
2020,강원도,오이,노지,4241,20711
2020,강원도,오이,시설,4981,20765
2020,강원도,참외,노지,1423,165
2020,강원도,참외,시설,2512,399
2020,강원도,호박,노지,2566,23288
2020,강원도,호박,시설,3400,2964
2020,경기도,딸기,노지,2066,142
2020,경기도,딸기,시설,2669,3077
2020,경기도,수박,노지,5035,3228
2020,경기도,수박,시설,3699,3753
2020,경기도,오이,노지,3013,4538
2020,경기도,오이,시설,6547,40802
2020,경기도,참외,노지,2252,1103
2020,경기도,참외,시설,2456,998
2020,경기도,호박,노지,3510,15504
2020,경기도,호박,시설,4631,18617
2020,경상남도,딸기,노지,3670,78
2020,경상남도,딸기,시설,2759,62068
2020,경상남도,수박,노지,3007,823
2020,경상남도,수박,시설,3733,59544
2020,경상남도,오이,노지,3330,397
2020,경상남도,오이,시설,10027,14013
2020,경상남도,참외,노지,1423,133
2020,경상남도,참외,시설,1422,64
2020,경상남도,호박,노지,2405,13128
2020,경상남도,호박,시설,7078,54490
2020,경상북도,딸기,노지,1214,31
2020,경상북도,딸기,시설,4033,13885
2020,경상북도,수박,노지,2734,24135
2020,경상북도,수박,시설,4205,16309
2020,경상북도,오이,노지,3876,3334
2020,경상북도,오이,시설,9093,54268
2020,경상북도,참외,노지,1423,128
2020,경상북도,참외,시설,4315,135480
2020,경상북도,호박,노지,2482,26398
2020,경상북도,호박,시설,3174,7973
2020,전라남도,딸기,노지,3343,517
2020,전라남도,딸기,시설,2777,18530
2020,전라남도,수박,노지,3803,4886
2020,전라남도,수박,시설,4207,17970
2020,전라남도,오이,노지,6088,636
2020,전라남도,오이,시설,10013,27432
2020,전라남도,참외,노지,1183,246
2020,전라남도,참외,시설,5028,238
2020,전라남도,호박,노지,2643,53135
2020,전라남도,호박,시설,5825,21650
2020,전라북도,딸기,노지,3343,22
2020,전라북도,딸기,시설,3116,18488
2020,전라북도,수박,노지,3628,29850
2020,전라북도,수박,시설,4493,63455
2020,전라북도,오이,노지,6342,3804
2020,전라북도,오이,시설,10239,13982
2020,전라북도,참외,노지,1183,66
2020,전라북도,참외,시설,2103,7
2020,전라북도,호박,노지,4930,9531
2020,전라북도,호박,시설,4112,9036
2020,충청남도,딸기,노지,1026,62
2020,충청남도,딸기,시설,2854,36520
2020,충청남도,수박,노지,5200,785
2020,충청남도,수박,시설,5312,136833
2020,충청남도,오이,노지,4709,2781
2020,충청남도,오이,시설,8671,78578
2020,충청남도,참외,노지,3133,1403
2020,충청남도,참외,시설,2756,638
2020,충청남도,호박,노지,2478,6663
2020,충청남도,호박,시설,3109,3670
2020,충청북도,딸기,노지,3728,14
2020,충청북도,딸기,시설,2569,4440
2020,충청북도,수박,노지,3167,8213
2020,충청북도,수박,시설,3132,61175
2020,충청북도,오이,노지,3641,6287
2020,충청북도,오이,시설,8869,30136
2020,충청북도,참외,노지,1183,44
2020,충청북도,참외,시설,2756,77
2020,충청북도,호박,노지,1039,3068
2020,충청북도,호박,시설,5837,30891
2021,강원도,딸기,노지,1322,43
2021,강원도,딸기,시설,2036,584
2021,강원도,수박,노지,2840,1112
2021,강원도,수박,시설,5506,14732
2021,강원도,오이,노지,4246,18315
2021,강원도,오이,시설,4997,14192
2021,강원도,참외,노지,1428,129
2021,강원도,참외,시설,2494,99
2021,강원도,호박,노지,2574,26082
2021,강원도,호박,시설,3390,1058
2021,경기도,딸기,노지,2066,131
2021,경기도,딸기,시설,2826,4587
2021,경기도,수박,노지,5035,4411
2021,경기도,수박,시설,3705,6993
2021,경기도,오이,노지,3028,4774
2021,경기도,오이,시설,5961,28831
2021,경기도,참외,노지,2252,1210
2021,경기도,참외,시설,2456,1521
2021,경기도,호박,노지,3520,22289
2021,경기도,호박,시설,4568,17638
2021,경상남도,딸기,노지,3780,171
2021,경상남도,딸기,시설,2751,68527
2021,경상남도,수박,노지,3007,979
2021,경상남도,수박,시설,3763,61680
2021,경상남도,오이,노지,4049,1016
2021,경상남도,오이,시설,10009,13691
2021,경상남도,참외,노지,1477,222
2021,경상남도,참외,시설,1422,1128
2021,경상남도,호박,노지,2403,12150
2021,경상남도,호박,시설,7042,24097
2021,경상북도,딸기,노지,1122,168
2021,경상북도,딸기,시설,3951,27484
2021,경상북도,수박,노지,3160,24814
2021,경상북도,수박,시설,4274,24549
2021,경상북도,오이,노지,3844,2257
2021,경상북도,오이,시설,9201,41008
2021,경상북도,참외,노지,1428,192
2021,경상북도,참외,시설,4483,187720
2021,경상북도,호박,노지,2440,27390
2021,경상북도,호박,시설,3187,4815
2021,전라남도,딸기,노지,3079,74
2021,전라남도,딸기,시설,2705,17701
2021,전라남도,수박,노지,3705,7226
2021,전라남도,수박,시설,3835,17221
2021,전라남도,오이,노지,6088,976
2021,전라남도,오이,시설,9876,7267
2021,전라남도,참외,노지,1477,203
2021,전라남도,참외,시설,5028,171
2021,전라남도,호박,노지,1764,22278
2021,전라남도,호박,시설,5663,11526
2021,전라북도,딸기,노지,3079,4
2021,전라북도,딸기,시설,3114,14135
2021,전라북도,수박,노지,3960,26179
2021,전라북도,수박,시설,4543,75987
2021,전라북도,오이,노지,6021,2355
2021,전라북도,오이,시설,10235,34447
2021,전라북도,참외,노지,1477,363
2021,전라북도,참외,시설,2103,32
2021,전라북도,호박,노지,4764,8017
2021,전라북도,호박,시설,3839,2003
2021,충청남도,딸기,노지,1732,121
2021,충청남도,딸기,시설,2817,35780
2021,충청남도,수박,노지,6223,2489
2021,충청남도,수박,시설,5303,138626
2021,충청남도,오이,노지,4696,6216
2021,충청남도,오이,시설,8591,63635
2021,충청남도,참외,노지,3888,968
2021,충청남도,참외,시설,2756,663
2021,충청남도,호박,노지,2420,8948
2021,충청남도,호박,시설,3104,5250
2021,충청북도,딸기,노지,3728,28
2021,충청북도,딸기,시설,2578,4232
2021,충청북도,수박,노지,3172,4965
2021,충청북도,수박,시설,3148,56392
2021,충청북도,오이,노지,3641,6475
2021,충청북도,오이,시설,8837,15778
2021,충청북도,참외,노지,1183,60
2021,충청북도,참외,시설,2756,189
2021,충청북도,호박,노지,1024,2281
2021,충청북도,호박,시설,5839,17832
2022,강원도,딸기,노지,1151,49
2022,강원도,딸기,시설,2247,655
2022,강원도,수박,노지,2840,1187
2022,강원도,수박,시설,5515,17060
2022,강원도,오이,노지,4309,14831
2022,강원도,오이,시설,5121,19411
2022,강원도,참외,노지,1427,150
2022,강원도,참외,시설,2570,188
2022,강원도,호박,노지,2598,25818
2022,강원도,호박,시설,3580,1956
2022,경기도,딸기,노지,2066,159
2022,경기도,딸기,시설,2926,4605
2022,경기도,수박,노지,3901,4857
2022,경기도,수박,시설,2235,3794
2022,경기도,오이,노지,3302,3994
2022,경기도,오이,시설,5468,27057
2022,경기도,참외,노지,2252,1394
2022,경기도,참외,시설,2446,2006
2022,경기도,호박,노지,3517,22014
2022,경기도,호박,시설,4010,12778
2022,경상남도,딸기,노지,3800,84
2022,경상남도,딸기,시설,2599,64802
2022,경상남도,수박,노지,2949,1219
2022,경상남도,수박,시설,3811,69674
2022,경상남도,오이,노지,4123,836
2022,경상남도,오이,시설,9377,5179
2022,경상남도,참외,노지,1183,108
2022,경상남도,참외,시설,1381,669
2022,경상남도,호박,노지,2288,13699
2022,경상남도,호박,시설,6994,26468
2022,경상북도,딸기,노지,1122,145
2022,경상북도,딸기,시설,3214,14814
2022,경상북도,수박,노지,2976,28171
2022,경상북도,수박,시설,4247,22498
2022,경상북도,오이,노지,3942,2496
2022,경상북도,오이,시설,9950,47998
2022,경상북도,참외,노지,1183,85
2022,경상북도,참외,시설,4453,188216
2022,경상북도,호박,노지,2300,19764
2022,경상북도,호박,시설,3530,5562
2022,전라남도,딸기,노지,3343,116
2022,전라남도,딸기,시설,2743,17788
2022,전라남도,수박,노지,5609,8479
2022,전라남도,수박,시설,3888,15619
2022,전라남도,오이,노지,6046,1071
2022,전라남도,오이,시설,9724,18102
2022,전라남도,참외,노지,3908,904
2022,전라남도,참외,시설,5028,168
2022,전라남도,호박,노지,2710,29623
2022,전라남도,호박,시설,5974,15963
2022,전라북도,딸기,노지,3343,80
2022,전라북도,딸기,시설,3130,14408
2022,전라북도,수박,노지,3972,29583
2022,전라북도,수박,시설,4549,75235
2022,전라북도,오이,노지,6021,768
2022,전라북도,오이,시설,10241,26817
2022,전라북도,참외,노지,3908,1341
2022,전라북도,참외,시설,2103,38
2022,전라북도,호박,노지,4340,9132
2022,전라북도,호박,시설,3715,3628
2022,충청남도,딸기,노지,1625,134
2022,충청남도,딸기,시설,2822,31179
2022,충청남도,수박,노지,5748,1489
2022,충청남도,수박,시설,5347,130599
2022,충청남도,오이,노지,4694,3382
2022,충청남도,오이,시설,9684,63413
2022,충청남도,참외,노지,3908,915
2022,충청남도,참외,시설,218,12
2022,충청남도,호박,노지,2444,6674
2022,충청남도,호박,시설,3558,6399
2022,충청북도,딸기,노지,3728,74
2022,충청북도,딸기,시설,2896,5349
2022,충청북도,수박,노지,3172,3393
2022,충청북도,수박,시설,3160,55265
2022,충청북도,오이,노지,3629,2945
2022,충청북도,오이,시설,9715,20621
2022,충청북도,참외,노지,1183,71
2022,충청북도,참외,시설,218,18
2022,충청북도,호박,노지,916,1887
2022,충청북도,호박,시설,5831,28764
2023,강원도,딸기,노지,885,43
2023,강원도,딸기,시설,2069,656
2023,강원도,수박,노지,2963,513
2023,강원도,수박,시설,5512,14470
2023,강원도,오이,노지,4233,21792
2023,강원도,오이,시설,5428,21639
2023,강원도,참외,노지,1259,144
2023,강원도,참외,시설,2571,69
2023,강원도,호박,노지,2710,25915
2023,강원도,호박,시설,3445,1618
2023,경기도,딸기,노지,2073,94
2023,경기도,딸기,시설,3170,4863
2023,경기도,수박,노지,3780,5505
2023,경기도,수박,시설,2229,3894
2023,경기도,오이,노지,3409,5266
2023,경기도,오이,시설,5337,25822
2023,경기도,참외,노지,2338,1362
2023,경기도,참외,시설,2460,1764
2023,경기도,호박,노지,3450,33144
2023,경기도,호박,시설,3770,15131
2023,경상남도,딸기,노지,3800,306
2023,경상남도,딸기,시설,2634,66011
2023,경상남도,수박,노지,2949,1322
2023,경상남도,수박,시설,3776,65982
2023,경상남도,오이,노지,4135,1004
2023,경상남도,오이,시설,9250,11879
2023,경상남도,참외,노지,1259,194
2023,경상남도,참외,시설,1422,224
2023,경상남도,호박,노지,2276,16886
2023,경상남도,호박,시설,6936,31749
2023,경상북도,딸기,노지,1122,31
2023,경상북도,딸기,시설,3377,14548
2023,경상북도,수박,노지,2847,19766
2023,경상북도,수박,시설,3652,20215
2023,경상북도,오이,노지,3413,2305
2023,경상북도,오이,시설,8611,34862
2023,경상북도,참외,노지,1259,193
2023,경상북도,참외,시설,4729,199285
2023,경상북도,호박,노지,2286,32553
2023,경상북도,호박,시설,3445,6184
2023,전라남도,딸기,노지,3343,39
2023,전라남도,딸기,시설,2748,15703
2023,전라남도,수박,노지,5729,7166
2023,전라남도,수박,시설,3549,16182
2023,전라남도,오이,노지,5999,1552
2023,전라남도,오이,시설,9701,15801
2023,전라남도,참외,노지,3660,717
2023,전라남도,참외,시설,4591,173
2023,전라남도,호박,노지,2484,29732
2023,전라남도,호박,시설,6391,16318
2023,전라북도,딸기,노지,3343,3
2023,전라북도,딸기,시설,3137,14504
2023,전라북도,수박,노지,4112,23437
2023,전라북도,수박,시설,4960,83535
2023,전라북도,오이,노지,5758,376
2023,전라북도,오이,시설,11235,25602
2023,전라북도,참외,노지,3660,532
2023,전라북도,참외,시설,2104,2
2023,전라북도,호박,노지,4428,7802
2023,전라북도,호박,시설,2824,2932
2023,충청남도,딸기,노지,1659,119
2023,충청남도,딸기,시설,2983,33478
2023,충청남도,수박,노지,5748,2841
2023,충청남도,수박,시설,5093,116893
2023,충청남도,오이,노지,4720,4370
2023,충청남도,오이,시설,9380,73616
2023,충청남도,참외,노지,3660,1028
2023,충청남도,참외,시설,255,15
2023,충청남도,호박,노지,2169,6619
2023,충청남도,호박,시설,3300,5934
2023,충청북도,딸기,노지,3862,21
2023,충청북도,딸기,시설,3673,5199
2023,충청북도,수박,노지,3227,4255
2023,충청북도,수박,시설,3154,55047
2023,충청북도,오이,노지,3573,2920
2023,충청북도,오이,시설,9347,22354
2023,충청북도,참외,노지,1183,69
2023,충청북도,참외,시설,255,45
2023,충청북도,호박,노지,937,2129
2023,충청북도,호박,시설,5506,23365
2024,강원도,딸기,노지,1391,83
2024,강원도,딸기,시설,2219,658
2024,강원도,수박,노지,2840,554
2024,강원도,수박,시설,5519,16086
2024,강원도,오이,노지,4357,22693
2024,강원도,오이,시설,5308,20958
2024,강원도,참외,노지,1204,162
2024,강원도,참외,시설,2570,78
2024,강원도,호박,노지,2610,31307
2024,강원도,호박,시설,3487,1223
2024,경기도,딸기,노지,2066,108
2024,경기도,딸기,시설,2919,4475
2024,경기도,수박,노지,3901,6046
2024,경기도,수박,시설,2096,3680
2024,경기도,오이,노지,3079,3336
2024,경기도,오이,시설,5400,20444
2024,경기도,참외,노지,2245,1265
2024,경기도,참외,시설,2456,2082
2024,경기도,호박,노지,3381,28562
2024,경기도,호박,시설,3925,11727
2024,경상남도,딸기,노지,3800,115
2024,경상남도,딸기,시설,2633,65914
2024,경상남도,수박,노지,2949,1822
2024,경상남도,수박,시설,3708,50088
2024,경상남도,오이,노지,4006,1524
2024,경상남도,오이,시설,9266,10751
2024,경상남도,참외,노지,1204,204
2024,경상남도,참외,시설,1417,109
2024,경상남도,호박,노지,2056,15401
2024,경상남도,호박,시설,7019,30189
2024,경상북도,딸기,노지,1122,353
2024,경상북도,딸기,시설,3133,14808
2024,경상북도,수박,노지,2813,18102
2024,경상북도,수박,시설,4128,20626
2024,경상북도,오이,노지,3388,3945
2024,경상북도,오이,시설,8449,30241
2024,경상북도,참외,노지,1204,120
2024,경상북도,참외,시설,4922,202211
2024,경상북도,호박,노지,2277,26037
2024,경상북도,호박,시설,3431,6354
2024,전라남도,딸기,노지,3343,441
2024,전라남도,딸기,시설,2670,15267
2024,전라남도,수박,노지,5729,4564
2024,전라남도,수박,시설,3690,14839
2024,전라남도,오이,노지,5070,1686
2024,전라남도,오이,시설,9545,20163
2024,전라남도,참외,노지,3835,869
2024,전라남도,참외,시설,4371,111
2024,전라남도,호박,노지,2527,38256
2024,전라남도,호박,시설,5963,18059
2024,전라북도,딸기,노지,3343,397
2024,전라북도,딸기,시설,3099,14043
2024,전라북도,수박,노지,3687,26240
2024,전라북도,수박,시설,4532,65877
2024,전라북도,오이,노지,5993,1218
2024,전라북도,오이,시설,10239,34645
2024,전라북도,참외,노지,3835,759
2024,전라북도,참외,시설,2104,185
2024,전라북도,호박,노지,4253,14375
2024,전라북도,호박,시설,3713,4217
2024,충청남도,딸기,노지,1614,45
2024,충청남도,딸기,시설,2957,30071
2024,충청남도,수박,노지,5739,2766
2024,충청남도,수박,시설,3787,84406
2024,충청남도,오이,노지,4703,2990
2024,충청남도,오이,시설,9438,71109
2024,충청남도,참외,노지,3835,1350
2024,충청남도,참외,시설,254,28
2024,충청남도,호박,노지,2554,9649
2024,충청남도,호박,시설,3289,10300
2024,충청북도,딸기,노지,3862,27
2024,충청북도,딸기,시설,2455,4638
2024,충청북도,수박,노지,3226,4637
2024,충청북도,수박,시설,3193,55841
2024,충청북도,오이,노지,3568,5521
2024,충청북도,오이,시설,9689,23552
2024,충청북도,참외,노지,1183,73
2024,충청북도,참외,시설,254,5
2024,충청북도,호박,노지,885,1868
2024,충청북도,호박,시설,5520,30803
